Frequency,Detector,Raw Reading,Atten 10dB Factor,Cable 276 PLCE - 3m Factor,LISN 303 - L2 Factor,Level,CISPR 11 Class A - Quasi-Peak Limit,CISPR 11 Class A - Average Limit,CISPR 11 Class A - Quasi-Peak Margin,CISPR 11 Class A - Average Margin,Angle, Height, Comments
23.1340,SCAN  ,45.6,10.0,.1,.2,=SUM(C2:F2),73.0,60.0,=H2-G2,=I2-G2,0,0,
26.6135,SCAN  ,44.3,10.0,.1,.2,=SUM(C3:F3),73.0,60.0,=H3-G3,=I3-G3,0,0,
26.4906,SCAN  ,43.7,10.0,.1,.2,=SUM(C4:F4),73.0,60.0,=H4-G4,=I4-G4,0,0,
27.1586,SCAN  ,43.2,10.0,.1,.2,=SUM(C5:F5),73.0,60.0,=H5-G5,=I5-G5,0,0,
26.5537,SCAN  ,42.8,10.0,.1,.2,=SUM(C6:F6),73.0,60.0,=H6-G6,=I6-G6,0,0,
23.0709,SCAN  ,41.9,10.0,.1,.2,=SUM(C7:F7),73.0,60.0,=H7-G7,=I7-G7,0,0,
28.6840,SCAN  ,41.8,10.0,.1,.2,=SUM(C8:F8),73.0,60.0,=H8-G8,=I8-G8,0,0,
24.0014,SCAN  ,41.8,10.0,.1,.2,=SUM(C9:F9),73.0,60.0,=H9-G9,=I9-G9,0,0,
21.6685,SCAN  ,41.5,10.0,.1,.2,=SUM(C10:F10),73.0,60.0,=H10-G10,=I10-G10,0,0,
25.8791,SCAN  ,41.4,10.0,.1,.2,=SUM(C11:F11),73.0,60.0,=H11-G11,=I11-G11,0,0,
24.3537,SCAN  ,41.4,10.0,.1,.2,=SUM(C12:F12),73.0,60.0,=H12-G12,=I12-G12,0,0,
22.4594,SCAN  ,41.3,10.0,.1,.2,=SUM(C13:F13),73.0,60.0,=H13-G13,=I13-G13,0,0,
22.5824,SCAN  ,41.0,10.0,.1,.2,=SUM(C14:F14),73.0,60.0,=H14-G14,=I14-G14,0,0,
25.6963,SCAN  ,40.8,10.0,.1,.2,=SUM(C15:F15),73.0,60.0,=H15-G15,=I15-G15,0,0,
27.3413,SCAN  ,40.8,10.0,.1,.2,=SUM(C16:F16),73.0,60.0,=H16-G16,=I16-G16,0,0,
20.2560,SCAN  ,40.7,10.0,.1,.1,=SUM(C17:F17),73.0,60.0,=H17-G17,=I17-G17,0,0,
22.8881,SCAN  ,40.6,10.0,.1,.2,=SUM(C18:F18),73.0,60.0,=H18-G18,=I18-G18,0,0,
26.0021,SCAN  ,40.2,10.0,.1,.2,=SUM(C19:F19),73.0,60.0,=H19-G19,=I19-G19,0,0,
24.5365,SCAN  ,40.1,10.0,.1,.2,=SUM(C20:F20),73.0,60.0,=H20-G20,=I20-G20,0,0,
21.9077,SCAN  ,40.0,10.0,.1,.2,=SUM(C21:F21),73.0,60.0,=H21-G21,=I21-G21,0,0,
29.2323,SCAN  ,39.7,10.0,.1,.2,=SUM(C22:F22),73.0,60.0,=H22-G22,=I22-G22,0,0,
24.0446,SCAN  ,39.7,10.0,.1,.2,=SUM(C23:F23),73.0,60.0,=H23-G23,=I23-G23,0,0,
28.5610,SCAN  ,39.6,10.0,.1,.2,=SUM(C24:F24),73.0,60.0,=H24-G24,=I24-G24,0,0,
24.9054,SCAN  ,39.4,10.0,.1,.2,=SUM(C25:F25),73.0,60.0,=H25-G25,=I25-G25,0,0,
24.9652,SCAN  ,39.0,10.0,.1,.2,=SUM(C26:F26),73.0,60.0,=H26-G26,=I26-G26,0,0,
22.2135,SCAN  ,38.8,10.0,.1,.2,=SUM(C27:F27),73.0,60.0,=H27-G27,=I27-G27,0,0,
23.4331,SCAN  ,38.7,10.0,.1,.2,=SUM(C28:F28),73.0,60.0,=H28-G28,=I28-G28,0,0,
19.7143,SCAN  ,38.5,10.0,.1,.1,=SUM(C29:F29),73.0,60.0,=H29-G29,=I29-G29,0,0,
23.7389,SCAN  ,38.5,10.0,.1,.2,=SUM(C30:F30),73.0,60.0,=H30-G30,=I30-G30,0,0,
28.3251,SCAN  ,38.2,10.0,.1,.2,=SUM(C31:F31),73.0,60.0,=H31-G31,=I31-G31,0,0,
23.8618,SCAN  ,38.2,10.0,.1,.2,=SUM(C32:F32),73.0,60.0,=H32-G32,=I32-G32,0,0,
24.7193,SCAN  ,38.2,10.0,.1,.2,=SUM(C33:F33),73.0,60.0,=H33-G33,=I33-G33,0,0,
20.8110,SCAN  ,38.1,10.0,.1,.2,=SUM(C34:F34),73.0,60.0,=H34-G34,=I34-G34,0,0,
28.6208,SCAN  ,38.1,10.0,.1,.2,=SUM(C35:F35),73.0,60.0,=H35-G35,=I35-G35,0,0,
22.8250,SCAN  ,38.1,10.0,.1,.2,=SUM(C36:F36),73.0,60.0,=H36-G36,=I36-G36,0,0,
27.9562,SCAN  ,38.0,10.0,.1,.2,=SUM(C37:F37),73.0,60.0,=H37-G37,=I37-G37,0,0,
26.8528,SCAN  ,37.9,10.0,.1,.2,=SUM(C38:F38),73.0,60.0,=H38-G38,=I38-G38,0,0,
28.2951,SCAN  ,37.9,10.0,.1,.2,=SUM(C39:F39),73.0,60.0,=H39-G39,=I39-G39,0,0,
27.2217,SCAN  ,37.9,10.0,.1,.2,=SUM(C40:F40),73.0,60.0,=H40-G40,=I40-G40,0,0,
23.3733,SCAN  ,37.7,10.0,.1,.2,=SUM(C41:F41),73.0,60.0,=H41-G41,=I41-G41,0,0,
27.8963,SCAN  ,37.7,10.0,.1,.2,=SUM(C42:F42),73.0,60.0,=H42-G42,=I42-G42,0,0,
29.1094,SCAN  ,37.6,10.0,.1,.2,=SUM(C43:F43),73.0,60.0,=H43-G43,=I43-G43,0,0,
22.3963,SCAN  ,37.7,10.0,.1,.2,=SUM(C44:F44),73.0,60.0,=H44-G44,=I44-G44,0,0,
18.2488,SCAN  ,37.6,10.0,.1,.1,=SUM(C45:F45),73.0,60.0,=H45-G45,=I45-G45,0,0,
20.3192,SCAN  ,37.6,10.0,.1,.1,=SUM(C46:F46),73.0,60.0,=H46-G46,=I46-G46,0,0,
21.0536,SCAN  ,37.6,10.0,.1,.2,=SUM(C47:F47),73.0,60.0,=H47-G47,=I47-G47,0,0,
21.1135,SCAN  ,37.5,10.0,.1,.2,=SUM(C48:F48),73.0,60.0,=H48-G48,=I48-G48,0,0,
28.4414,SCAN  ,37.4,10.0,.1,.2,=SUM(C49:F49),73.0,60.0,=H49-G49,=I49-G49,0,0,
24.1078,SCAN  ,37.3,10.0,.1,.2,=SUM(C50:F50),73.0,60.0,=H50-G50,=I50-G50,0,0,
22.9479,SCAN  ,37.3,10.0,.1,.2,=SUM(C51:F51),73.0,60.0,=H51-G51,=I51-G51,0,0,
26.4009,SCAN  ,37.2,10.0,.1,.2,=SUM(C52:F52),73.0,60.0,=H52-G52,=I52-G52,0,0,
20.3790,SCAN  ,37.2,10.0,.1,.1,=SUM(C53:F53),73.0,60.0,=H53-G53,=I53-G53,0,0,
22.5192,SCAN  ,37.1,10.0,.1,.2,=SUM(C54:F54),73.0,60.0,=H54-G54,=I54-G54,0,0,
22.0307,SCAN  ,37.1,10.0,.1,.2,=SUM(C55:F55),73.0,60.0,=H55-G55,=I55-G55,0,0,
28.5012,SCAN  ,36.9,10.0,.1,.2,=SUM(C56:F56),73.0,60.0,=H56-G56,=I56-G56,0,0,
20.8709,SCAN  ,36.8,10.0,.1,.2,=SUM(C57:F57),73.0,60.0,=H57-G57,=I57-G57,0,0,
24.2905,SCAN  ,36.7,10.0,.1,.2,=SUM(C58:F58),73.0,60.0,=H58-G58,=I58-G58,0,0,
20.9938,SCAN  ,36.7,10.0,.1,.2,=SUM(C59:F59),73.0,60.0,=H59-G59,=I59-G59,0,0,
23.1939,SCAN  ,36.7,10.0,.1,.2,=SUM(C60:F60),73.0,60.0,=H60-G60,=I60-G60,0,0,
26.6767,SCAN  ,36.4,10.0,.1,.2,=SUM(C61:F61),73.0,60.0,=H61-G61,=I61-G61,0,0,
21.1799,SCAN  ,36.3,10.0,.1,.2,=SUM(C62:F62),73.0,60.0,=H62-G62,=I62-G62,0,0,
26.1848,SCAN  ,36.1,10.0,.1,.2,=SUM(C63:F63),73.0,60.0,=H63-G63,=I63-G63,0,0,
28.8668,SCAN  ,35.9,10.0,.1,.2,=SUM(C64:F64),73.0,60.0,=H64-G64,=I64-G64,0,0,
18.9134,SCAN  ,36.0,10.0,.1,.1,=SUM(C65:F65),73.0,60.0,=H65-G65,=I65-G65,0,0,
22.3364,SCAN  ,35.9,10.0,.1,.2,=SUM(C66:F66),73.0,60.0,=H66-G66,=I66-G66,0,0,
27.7102,SCAN  ,35.8,10.0,.1,.2,=SUM(C67:F67),73.0,60.0,=H67-G67,=I67-G67,0,0,
20.1962,SCAN  ,35.8,10.0,.1,.1,=SUM(C68:F68),73.0,60.0,=H68-G68,=I68-G68,0,0,
25.2045,SCAN  ,35.7,10.0,.1,.2,=SUM(C69:F69),73.0,60.0,=H69-G69,=I69-G69,0,0,
17.6971,SCAN  ,35.7,10.0,.1,.1,=SUM(C70:F70),73.0,60.0,=H70-G70,=I70-G70,0,0,
18.3086,SCAN  ,35.5,10.0,.1,.1,=SUM(C71:F71),73.0,60.0,=H71-G71,=I71-G71,0,0,
21.7216,SCAN  ,35.4,10.0,.1,.2,=SUM(C72:F72),73.0,60.0,=H72-G72,=I72-G72,0,0,
13.3934,SCAN  ,35.4,10.0,.1,.1,=SUM(C73:F73),73.0,60.0,=H73-G73,=I73-G73,0,0,
20.9340,SCAN  ,35.3,10.0,.1,.2,=SUM(C74:F74),73.0,60.0,=H74-G74,=I74-G74,0,0,
28.3483,SCAN  ,35.0,10.0,.1,.2,=SUM(C75:F75),73.0,60.0,=H75-G75,=I75-G75,0,0,
11.9378,SCAN  ,35.0,10.0,.1,.1,=SUM(C76:F76),73.0,60.0,=H76-G76,=I76-G76,0,0,
18.3684,SCAN  ,34.9,10.0,.1,.1,=SUM(C77:F77),73.0,60.0,=H77-G77,=I77-G77,0,0,
20.6881,SCAN  ,34.7,10.0,.1,.1,=SUM(C78:F78),73.0,60.0,=H78-G78,=I78-G78,0,0,
19.5881,SCAN  ,34.6,10.0,.1,.1,=SUM(C79:F79),73.0,60.0,=H79-G79,=I79-G79,0,0,
25.5733,SCAN  ,34.5,10.0,.1,.2,=SUM(C80:F80),73.0,60.0,=H80-G80,=I80-G80,0,0,
27.1287,SCAN  ,34.5,10.0,.1,.2,=SUM(C81:F81),73.0,60.0,=H81-G81,=I81-G81,0,0,
24.5963,SCAN  ,34.2,10.0,.1,.2,=SUM(C82:F82),73.0,60.0,=H82-G82,=I82-G82,0,0,
24.8755,SCAN  ,34.2,10.0,.1,.2,=SUM(C83:F83),73.0,60.0,=H83-G83,=I83-G83,0,0,
27.4045,SCAN  ,34.1,10.0,.1,.2,=SUM(C84:F84),73.0,60.0,=H84-G84,=I84-G84,0,0,
24.6594,SCAN  ,34.1,10.0,.1,.2,=SUM(C85:F85),73.0,60.0,=H85-G85,=I85-G85,0,0,
21.5156,SCAN  ,34.0,10.0,.1,.2,=SUM(C86:F86),73.0,60.0,=H86-G86,=I86-G86,0,0,
23.5561,SCAN  ,33.9,10.0,.1,.2,=SUM(C87:F87),73.0,60.0,=H87-G87,=I87-G87,0,0,
13.6227,SCAN  ,33.8,10.0,.1,.1,=SUM(C88:F88),73.0,60.0,=H88-G88,=I88-G88,0,0,
23.9549,SCAN  ,33.7,10.0,.1,.2,=SUM(C89:F89),73.0,60.0,=H89-G89,=I89-G89,0,0,
18.4880,SCAN  ,33.7,10.0,.1,.1,=SUM(C90:F90),73.0,60.0,=H90-G90,=I90-G90,0,0,
28.3782,SCAN  ,33.6,10.0,.1,.2,=SUM(C91:F91),73.0,60.0,=H91-G91,=I91-G91,0,0,
25.0250,SCAN  ,33.5,10.0,.1,.2,=SUM(C92:F92),73.0,60.0,=H92-G92,=I92-G92,0,0,
21.4857,SCAN  ,33.3,10.0,.1,.2,=SUM(C93:F93),73.0,60.0,=H93-G93,=I93-G93,0,0,
21.3660,SCAN  ,33.3,10.0,.1,.2,=SUM(C94:F94),73.0,60.0,=H94-G94,=I94-G94,0,0,
28.7438,SCAN  ,33.3,10.0,.1,.2,=SUM(C95:F95),73.0,60.0,=H95-G95,=I95-G95,0,0,
16.2315,SCAN  ,33.3,10.0,.1,.1,=SUM(C96:F96),73.0,60.0,=H96-G96,=I96-G96,0,0,
27.6803,SCAN  ,33.1,10.0,.1,.2,=SUM(C97:F97),73.0,60.0,=H97-G97,=I97-G97,0,0,
22.3065,SCAN  ,33.1,10.0,.1,.2,=SUM(C98:F98),73.0,60.0,=H98-G98,=I98-G98,0,0,
29.3520,SCAN  ,33.0,10.0,.1,.2,=SUM(C99:F99),73.0,60.0,=H99-G99,=I99-G99,0,0,
28.0193,SCAN  ,33.0,10.0,.1,.2,=SUM(C100:F100),73.0,60.0,=H100-G100,=I100-G100,0,0,
19.1594,SCAN  ,33.0,10.0,.1,.1,=SUM(C101:F101),73.0,60.0,=H101-G101,=I101-G101,0,0,
21.6053,SCAN  ,33.0,10.0,.1,.2,=SUM(C102:F102),73.0,60.0,=H102-G102,=I102-G102,0,0,
22.0905,SCAN  ,32.9,10.0,.1,.2,=SUM(C103:F103),73.0,60.0,=H103-G103,=I103-G103,0,0,
29.1426,SCAN  ,32.9,10.0,.1,.2,=SUM(C104:F104),73.0,60.0,=H104-G104,=I104-G104,0,0,
19.8971,SCAN  ,32.9,10.0,.1,.1,=SUM(C105:F105),73.0,60.0,=H105-G105,=I105-G105,0,0,
28.8967,SCAN  ,32.9,10.0,.1,.2,=SUM(C106:F106),73.0,60.0,=H106-G106,=I106-G106,0,0,
27.9263,SCAN  ,32.8,10.0,.1,.2,=SUM(C107:F107),73.0,60.0,=H107-G107,=I107-G107,0,0,
22.1503,SCAN  ,32.8,10.0,.1,.2,=SUM(C108:F108),73.0,60.0,=H108-G108,=I108-G108,0,0,
22.4893,SCAN  ,32.8,10.0,.1,.2,=SUM(C109:F109),73.0,60.0,=H109-G109,=I109-G109,0,0,
20.0168,SCAN  ,32.8,10.0,.1,.1,=SUM(C110:F110),73.0,60.0,=H110-G110,=I110-G110,0,0,
20.4422,SCAN  ,32.8,10.0,.1,.1,=SUM(C111:F111),73.0,60.0,=H111-G111,=I111-G111,0,0,
26.0619,SCAN  ,32.7,10.0,.1,.2,=SUM(C112:F112),73.0,60.0,=H112-G112,=I112-G112,0,0,
13.7856,SCAN  ,32.7,10.0,.1,.1,=SUM(C113:F113),73.0,60.0,=H113-G113,=I113-G113,0,0,
26.3078,SCAN  ,32.7,10.0,.1,.2,=SUM(C114:F114),73.0,60.0,=H114-G114,=I114-G114,0,0,
25.6631,SCAN  ,32.6,10.0,.1,.2,=SUM(C115:F115),73.0,60.0,=H115-G115,=I115-G115,0,0,
21.8446,SCAN  ,32.6,10.0,.1,.2,=SUM(C116:F116),73.0,60.0,=H116-G116,=I116-G116,0,0,
17.9430,SCAN  ,32.5,10.0,.1,.1,=SUM(C117:F117),73.0,60.0,=H117-G117,=I117-G117,0,0,
26.9126,SCAN  ,32.5,10.0,.1,.2,=SUM(C118:F118),73.0,60.0,=H118-G118,=I118-G118,0,0,
19.4684,SCAN  ,32.5,10.0,.1,.1,=SUM(C119:F119),73.0,60.0,=H119-G119,=I119-G119,0,0,
27.6205,SCAN  ,32.4,10.0,.1,.2,=SUM(C120:F120),73.0,60.0,=H120-G120,=I120-G120,0,0,
21.0304,SCAN  ,32.4,10.0,.1,.2,=SUM(C121:F121),73.0,60.0,=H121-G121,=I121-G121,0,0,
24.8422,SCAN  ,32.3,10.0,.1,.2,=SUM(C122:F122),73.0,60.0,=H122-G122,=I122-G122,0,0,
23.7090,SCAN  ,32.3,10.0,.1,.2,=SUM(C123:F123),73.0,60.0,=H123-G123,=I123-G123,0,0,
28.9897,SCAN  ,32.3,10.0,.1,.2,=SUM(C124:F124),73.0,60.0,=H124-G124,=I124-G124,0,0,
28.9266,SCAN  ,32.1,10.0,.1,.2,=SUM(C125:F125),73.0,60.0,=H125-G125,=I125-G125,0,0,
21.3793,SCAN  ,32.2,10.0,.1,.2,=SUM(C126:F126),73.0,60.0,=H126-G126,=I126-G126,0,0,
23.5860,SCAN  ,32.1,10.0,.1,.2,=SUM(C127:F127),73.0,60.0,=H127-G127,=I127-G127,0,0,
19.7742,SCAN  ,32.2,10.0,.1,.1,=SUM(C128:F128),73.0,60.0,=H128-G128,=I128-G128,0,0,
16.1684,SCAN  ,32.1,10.0,.1,.1,=SUM(C129:F129),73.0,60.0,=H129-G129,=I129-G129,0,0,
26.1549,SCAN  ,32.0,10.0,.1,.2,=SUM(C130:F130),73.0,60.0,=H130-G130,=I130-G130,0,0,
29.4782,SCAN  ,31.9,10.0,.1,.2,=SUM(C131:F131),73.0,60.0,=H131-G131,=I131-G131,0,0,
20.5020,SCAN  ,32.0,10.0,.1,.1,=SUM(C132:F132),73.0,60.0,=H132-G132,=I132-G132,0,0,
28.8069,SCAN  ,31.9,10.0,.1,.2,=SUM(C133:F133),73.0,60.0,=H133-G133,=I133-G133,0,0,
26.7930,SCAN  ,31.9,10.0,.1,.2,=SUM(C134:F134),73.0,60.0,=H134-G134,=I134-G134,0,0,
29.9036,SCAN  ,31.9,10.0,.1,.2,=SUM(C135:F135),73.0,60.0,=H135-G135,=I135-G135,0,0,
24.7824,SCAN  ,31.9,10.0,.1,.2,=SUM(C136:F136),73.0,60.0,=H136-G136,=I136-G136,0,0,
29.1725,SCAN  ,31.8,10.0,.1,.2,=SUM(C137:F137),73.0,60.0,=H137-G137,=I137-G137,0,0,
25.2676,SCAN  ,31.8,10.0,.1,.2,=SUM(C138:F138),73.0,60.0,=H138-G138,=I138-G138,0,0,
22.2434,SCAN  ,31.8,10.0,.1,.2,=SUM(C139:F139),73.0,60.0,=H139-G139,=I139-G139,0,0,
20.6249,SCAN  ,31.8,10.0,.1,.1,=SUM(C140:F140),73.0,60.0,=H140-G140,=I140-G140,0,0,
24.4733,SCAN  ,31.8,10.0,.1,.2,=SUM(C141:F141),73.0,60.0,=H141-G141,=I141-G141,0,0,
19.9603,SCAN  ,31.8,10.0,.1,.1,=SUM(C142:F142),73.0,60.0,=H142-G142,=I142-G142,0,0,
20.0766,SCAN  ,31.8,10.0,.1,.1,=SUM(C143:F143),73.0,60.0,=H143-G143,=I143-G143,0,0,
24.3803,SCAN  ,31.7,10.0,.1,.2,=SUM(C144:F144),73.0,60.0,=H144-G144,=I144-G144,0,0,
17.5708,SCAN  ,31.7,10.0,.1,.1,=SUM(C145:F145),73.0,60.0,=H145-G145,=I145-G145,0,0,
18.4249,SCAN  ,31.6,10.0,.1,.1,=SUM(C146:F146),73.0,60.0,=H146-G146,=I146-G146,0,0,
25.1712,SCAN  ,31.5,10.0,.1,.2,=SUM(C147:F147),73.0,60.0,=H147-G147,=I147-G147,0,0,
26.6999,SCAN  ,31.5,10.0,.1,.2,=SUM(C148:F148),73.0,60.0,=H148-G148,=I148-G148,0,0,
20.5684,SCAN  ,31.5,10.0,.1,.1,=SUM(C149:F149),73.0,60.0,=H149-G149,=I149-G149,0,0,
23.6458,SCAN  ,31.4,10.0,.1,.2,=SUM(C150:F150),73.0,60.0,=H150-G150,=I150-G150,0,0,
19.0962,SCAN  ,31.4,10.0,.1,.1,=SUM(C151:F151),73.0,60.0,=H151-G151,=I151-G151,0,0,
25.3274,SCAN  ,31.4,10.0,.1,.2,=SUM(C152:F152),73.0,60.0,=H152-G152,=I152-G152,0,0,
27.9894,SCAN  ,31.3,10.0,.1,.2,=SUM(C153:F153),73.0,60.0,=H153-G153,=I153-G153,0,0,
15.9989,SCAN  ,31.4,10.0,.1,.1,=SUM(C154:F154),73.0,60.0,=H154-G154,=I154-G154,0,0,
23.0077,SCAN  ,31.3,10.0,.1,.2,=SUM(C155:F155),73.0,60.0,=H155-G155,=I155-G155,0,0,
24.4135,SCAN  ,31.2,10.0,.1,.2,=SUM(C156:F156),73.0,60.0,=H156-G156,=I156-G156,0,0,
19.6778,SCAN  ,31.2,10.0,.1,.1,=SUM(C157:F157),73.0,60.0,=H157-G157,=I157-G157,0,0,
25.8159,SCAN  ,31.2,10.0,.1,.2,=SUM(C158:F158),73.0,60.0,=H158-G158,=I158-G158,0,0,
29.7807,SCAN  ,31.1,10.0,.1,.2,=SUM(C159:F159),73.0,60.0,=H159-G159,=I159-G159,0,0,
14.0315,SCAN  ,31.1,10.0,.1,.1,=SUM(C160:F160),73.0,60.0,=H160-G160,=I160-G160,0,0,
17.3880,SCAN  ,31.1,10.0,.1,.1,=SUM(C161:F161),73.0,60.0,=H161-G161,=I161-G161,0,0,
27.3746,SCAN  ,31.0,10.0,.1,.2,=SUM(C162:F162),73.0,60.0,=H162-G162,=I162-G162,0,0,
26.9459,SCAN  ,31.0,10.0,.1,.2,=SUM(C163:F163),73.0,60.0,=H163-G163,=I163-G163,0,0,
24.3238,SCAN  ,31.0,10.0,.1,.2,=SUM(C164:F164),73.0,60.0,=H164-G164,=I164-G164,0,0,
29.6577,SCAN  ,31.0,10.0,.1,.2,=SUM(C165:F165),73.0,60.0,=H165-G165,=I165-G165,0,0,
27.0356,SCAN  ,31.0,10.0,.1,.2,=SUM(C166:F166),73.0,60.0,=H166-G166,=I166-G166,0,0,
29.8438,SCAN  ,31.0,10.0,.1,.2,=SUM(C167:F167),73.0,60.0,=H167-G167,=I167-G167,0,0,
18.1889,SCAN  ,31.0,10.0,.1,.1,=SUM(C168:F168),73.0,60.0,=H168-G168,=I168-G168,0,0,
22.7651,SCAN  ,30.8,10.0,.1,.2,=SUM(C169:F169),73.0,60.0,=H169-G169,=I169-G169,0,0,
20.1663,SCAN  ,30.8,10.0,.1,.1,=SUM(C170:F170),73.0,60.0,=H170-G170,=I170-G170,0,0,
26.0320,SCAN  ,30.7,10.0,.1,.2,=SUM(C171:F171),73.0,60.0,=H171-G171,=I171-G171,0,0,
19.5282,SCAN  ,30.7,10.0,.1,.1,=SUM(C172:F172),73.0,60.0,=H172-G172,=I172-G172,0,0,
26.3377,SCAN  ,30.7,10.0,.1,.2,=SUM(C173:F173),73.0,60.0,=H173-G173,=I173-G173,0,0,
15.0916,SCAN  ,30.7,10.0,.1,.1,=SUM(C174:F174),73.0,60.0,=H174-G174,=I174-G174,0,0,
28.1090,SCAN  ,30.6,10.0,.1,.2,=SUM(C175:F175),73.0,60.0,=H175-G175,=I175-G175,0,0,
14.2774,SCAN  ,30.6,10.0,.1,.1,=SUM(C176:F176),73.0,60.0,=H176-G176,=I176-G176,0,0,
25.4205,SCAN  ,30.5,10.0,.1,.2,=SUM(C177:F177),73.0,60.0,=H177-G177,=I177-G177,0,0,
29.8106,SCAN  ,30.5,10.0,.1,.2,=SUM(C178:F178),73.0,60.0,=H178-G178,=I178-G178,0,0,
14.0880,SCAN  ,30.4,10.0,.1,.1,=SUM(C179:F179),73.0,60.0,=H179-G179,=I179-G179,0,0,
14.1511,SCAN  ,30.4,10.0,.1,.1,=SUM(C180:F180),73.0,60.0,=H180-G180,=I180-G180,0,0,
25.7262,SCAN  ,30.3,10.0,.1,.2,=SUM(C181:F181),73.0,60.0,=H181-G181,=I181-G181,0,0,
29.9634,SCAN  ,30.3,10.0,.1,.2,=SUM(C182:F182),73.0,60.0,=H182-G182,=I182-G182,0,0,
16.8364,SCAN  ,30.3,10.0,.1,.1,=SUM(C183:F183),73.0,60.0,=H183-G183,=I183-G183,0,0,
16.8995,SCAN  ,30.3,10.0,.1,.1,=SUM(C184:F184),73.0,60.0,=H184-G184,=I184-G184,0,0,
24.2573,SCAN  ,30.2,10.0,.1,.2,=SUM(C185:F185),73.0,60.0,=H185-G185,=I185-G185,0,0,
18.2886,SCAN  ,30.2,10.0,.1,.1,=SUM(C186:F186),73.0,60.0,=H186-G186,=I186-G186,0,0,
18.6210,SCAN  ,30.2,10.0,.1,.1,=SUM(C187:F187),73.0,60.0,=H187-G187,=I187-G187,0,0,
28.5942,SCAN  ,30.1,10.0,.1,.2,=SUM(C188:F188),73.0,60.0,=H188-G188,=I188-G188,0,0,
17.0823,SCAN  ,30.2,10.0,.1,.1,=SUM(C189:F189),73.0,60.0,=H189-G189,=I189-G189,0,0,
21.2996,SCAN  ,30.1,10.0,.1,.2,=SUM(C190:F190),73.0,60.0,=H190-G190,=I190-G190,0,0,
29.1991,SCAN  ,29.9,10.0,.1,.2,=SUM(C191:F191),73.0,60.0,=H191-G191,=I191-G191,0,0,
23.4963,SCAN  ,29.9,10.0,.1,.2,=SUM(C192:F192),73.0,60.0,=H192-G192,=I192-G192,0,0,
10.5486,SCAN  ,30.0,10.0,.1,.1,=SUM(C193:F193),73.0,60.0,=H193-G193,=I193-G193,0,0,
28.1722,SCAN  ,29.9,10.0,.1,.2,=SUM(C194:F194),73.0,60.0,=H194-G194,=I194-G194,0,0,
28.4713,SCAN  ,29.9,10.0,.1,.2,=SUM(C195:F195),73.0,60.0,=H195-G195,=I195-G195,0,0,
28.4081,SCAN  ,29.8,10.0,.1,.2,=SUM(C196:F196),73.0,60.0,=H196-G196,=I196-G196,0,0,
21.4225,SCAN  ,29.7,10.0,.1,.2,=SUM(C197:F197),73.0,60.0,=H197-G197,=I197-G197,0,0,
20.7512,SCAN  ,29.7,10.0,.1,.2,=SUM(C198:F198),73.0,60.0,=H198-G198,=I198-G198,0,0,
16.7732,SCAN  ,29.7,10.0,.1,.1,=SUM(C199:F199),73.0,60.0,=H199-G199,=I199-G199,0,0,
23.9250,SCAN  ,29.6,10.0,.1,.2,=SUM(C200:F200),73.0,60.0,=H200-G200,=I200-G200,0,0,
29.6909,SCAN  ,29.5,10.0,.1,.2,=SUM(C201:F201),73.0,60.0,=H201-G201,=I201-G201,0,0,
14.3339,SCAN  ,29.5,10.0,.1,.1,=SUM(C202:F202),73.0,60.0,=H202-G202,=I202-G202,0,0,
23.6159,SCAN  ,29.3,10.0,.1,.2,=SUM(C203:F203),73.0,60.0,=H203-G203,=I203-G203,0,0,
25.7894,SCAN  ,29.3,10.0,.1,.2,=SUM(C204:F204),73.0,60.0,=H204-G204,=I204-G204,0,0,
14.7560,SCAN  ,29.3,10.0,.1,.1,=SUM(C205:F205),73.0,60.0,=H205-G205,=I205-G205,0,0,
16.9593,SCAN  ,29.3,10.0,.1,.1,=SUM(C206:F206),73.0,60.0,=H206-G206,=I206-G206,0,0,
15.6167,SCAN  ,29.2,10.0,.1,.1,=SUM(C207:F207),73.0,60.0,=H207-G207,=I207-G207,0,0,
22.9180,SCAN  ,29.1,10.0,.1,.2,=SUM(C208:F208),73.0,60.0,=H208-G208,=I208-G208,0,0,
10.0535,SCAN  ,29.2,10.0,.1,.1,=SUM(C209:F209),73.0,60.0,=H209-G209,=I209-G209,0,0,
18.8237,SCAN  ,29.1,10.0,.1,.1,=SUM(C210:F210),73.0,60.0,=H210-G210,=I210-G210,0,0,
16.4774,SCAN  ,29.0,10.0,.1,.1,=SUM(C211:F211),73.0,60.0,=H211-G211,=I211-G211,0,0,
26.2779,SCAN  ,29.0,10.0,.1,.2,=SUM(C212:F212),73.0,60.0,=H212-G212,=I212-G212,0,0,
15.2511,SCAN  ,29.0,10.0,.1,.1,=SUM(C213:F213),73.0,60.0,=H213-G213,=I213-G213,0,0,
25.5135,SCAN  ,28.9,10.0,.1,.2,=SUM(C214:F214),73.0,60.0,=H214-G214,=I214-G214,0,0,
18.8669,SCAN  ,28.9,10.0,.1,.1,=SUM(C215:F215),73.0,60.0,=H215-G215,=I215-G215,0,0,
15.0052,SCAN  ,28.9,10.0,.1,.1,=SUM(C216:F216),73.0,60.0,=H216-G216,=I216-G216,0,0,
15.0617,SCAN  ,28.8,10.0,.1,.1,=SUM(C217:F217),73.0,60.0,=H217-G217,=I217-G217,0,0,
17.3282,SCAN  ,28.8,10.0,.1,.1,=SUM(C218:F218),73.0,60.0,=H218-G218,=I218-G218,0,0,
18.1225,SCAN  ,28.8,10.0,.1,.1,=SUM(C219:F219),73.0,60.0,=H219-G219,=I219-G219,0,0,
25.4504,SCAN  ,28.7,10.0,.1,.2,=SUM(C220:F220),73.0,60.0,=H220-G220,=I220-G220,0,0,
28.1389,SCAN  ,28.6,10.0,.1,.2,=SUM(C221:F221),73.0,60.0,=H221-G221,=I221-G221,0,0,
21.7848,SCAN  ,28.7,10.0,.1,.2,=SUM(C222:F222),73.0,60.0,=H222-G222,=I222-G222,0,0,
25.4770,SCAN  ,28.6,10.0,.1,.2,=SUM(C223:F223),73.0,60.0,=H223-G223,=I223-G223,0,0,
25.6332,SCAN  ,28.5,10.0,.1,.2,=SUM(C224:F224),73.0,60.0,=H224-G224,=I224-G224,0,0,
25.1147,SCAN  ,28.5,10.0,.1,.2,=SUM(C225:F225),73.0,60.0,=H225-G225,=I225-G225,0,0,
19.3754,SCAN  ,28.5,10.0,.1,.1,=SUM(C226:F226),73.0,60.0,=H226-G226,=I226-G226,0,0,
10.2562,SCAN  ,28.6,10.0,.1,.1,=SUM(C227:F227),73.0,60.0,=H227-G227,=I227-G227,0,0,
17.1421,SCAN  ,28.5,10.0,.1,.1,=SUM(C228:F228),73.0,60.0,=H228-G228,=I228-G228,0,0,
26.4607,SCAN  ,28.4,10.0,.1,.2,=SUM(C229:F229),73.0,60.0,=H229-G229,=I229-G229,0,0,
18.0660,SCAN  ,28.4,10.0,.1,.1,=SUM(C230:F230),73.0,60.0,=H230-G230,=I230-G230,0,0,
24.5697,SCAN  ,28.3,10.0,.1,.2,=SUM(C231:F231),73.0,60.0,=H231-G231,=I231-G231,0,0,
25.8492,SCAN  ,28.2,10.0,.1,.2,=SUM(C232:F232),73.0,60.0,=H232-G232,=I232-G232,0,0,
27.2516,SCAN  ,28.2,10.0,.1,.2,=SUM(C233:F233),73.0,60.0,=H233-G233,=I233-G233,0,0,
25.6033,SCAN  ,28.2,10.0,.1,.2,=SUM(C234:F234),73.0,60.0,=H234-G234,=I234-G234,0,0,
27.1054,SCAN  ,28.1,10.0,.1,.2,=SUM(C235:F235),73.0,60.0,=H235-G235,=I235-G235,0,0,
15.4372,SCAN  ,28.1,10.0,.1,.1,=SUM(C236:F236),73.0,60.0,=H236-G236,=I236-G236,0,0,
23.0443,SCAN  ,27.8,10.0,.1,.2,=SUM(C237:F237),73.0,60.0,=H237-G237,=I237-G237,0,0,
25.9389,SCAN  ,27.7,10.0,.1,.2,=SUM(C238:F238),73.0,60.0,=H238-G238,=I238-G238,0,0,
17.9098,SCAN  ,27.7,10.0,.1,.1,=SUM(C239:F239),73.0,60.0,=H239-G239,=I239-G239,0,0,
27.8631,SCAN  ,27.7,10.0,.1,.2,=SUM(C240:F240),73.0,60.0,=H240-G240,=I240-G240,0,0,
15.5602,SCAN  ,27.7,10.0,.1,.1,=SUM(C241:F241),73.0,60.0,=H241-G241,=I241-G241,0,0,
29.7508,SCAN  ,27.5,10.0,.1,.2,=SUM(C242:F242),73.0,60.0,=H242-G242,=I242-G242,0,0,
10.2163,SCAN  ,27.7,10.0,.1,.1,=SUM(C243:F243),73.0,60.0,=H243-G243,=I243-G243,0,0,
18.5479,SCAN  ,27.5,10.0,.1,.1,=SUM(C244:F244),73.0,60.0,=H244-G244,=I244-G244,0,0,
27.7435,SCAN  ,27.4,10.0,.1,.2,=SUM(C245:F245),73.0,60.0,=H245-G245,=I245-G245,0,0,
19.2823,SCAN  ,27.4,10.0,.1,.1,=SUM(C246:F246),73.0,60.0,=H246-G246,=I246-G246,0,0,
17.2086,SCAN  ,27.3,10.0,.1,.1,=SUM(C247:F247),73.0,60.0,=H247-G247,=I247-G247,0,0,
27.4344,SCAN  ,27.2,10.0,.1,.2,=SUM(C248:F248),73.0,60.0,=H248-G248,=I248-G248,0,0,
16.3545,SCAN  ,27.2,10.0,.1,.1,=SUM(C249:F249),73.0,60.0,=H249-G249,=I249-G249,0,0,
15.9291,SCAN  ,27.1,10.0,.1,.1,=SUM(C250:F250),73.0,60.0,=H250-G250,=I250-G250,0,0,
25.0516,SCAN  ,27.0,10.0,.1,.2,=SUM(C251:F251),73.0,60.0,=H251-G251,=I251-G251,0,0,
16.4143,SCAN  ,27.0,10.0,.1,.1,=SUM(C252:F252),73.0,60.0,=H252-G252,=I252-G252,0,0,
29.5347,SCAN  ,26.9,10.0,.1,.2,=SUM(C253:F253),73.0,60.0,=H253-G253,=I253-G253,0,0,
17.7270,SCAN  ,26.9,10.0,.1,.1,=SUM(C254:F254),73.0,60.0,=H254-G254,=I254-G254,0,0,
10.6982,SCAN  ,26.9,10.0,.1,.1,=SUM(C255:F255),73.0,60.0,=H255-G255,=I255-G255,0,0,
29.0196,SCAN  ,26.7,10.0,.1,.2,=SUM(C256:F256),73.0,60.0,=H256-G256,=I256-G256,0,0,
18.7639,SCAN  ,26.8,10.0,.1,.1,=SUM(C257:F257),73.0,60.0,=H257-G257,=I257-G257,0,0,
29.2955,SCAN  ,26.7,10.0,.1,.2,=SUM(C258:F258),73.0,60.0,=H258-G258,=I258-G258,0,0,
18.6808,SCAN  ,26.7,10.0,.1,.1,=SUM(C259:F259),73.0,60.0,=H259-G259,=I259-G259,0,0,
17.5110,SCAN  ,26.7,10.0,.1,.1,=SUM(C260:F260),73.0,60.0,=H260-G260,=I260-G260,0,0,
28.0492,SCAN  ,26.5,10.0,.1,.2,=SUM(C261:F261),73.0,60.0,=H261-G261,=I261-G261,0,0,
15.6765,SCAN  ,26.5,10.0,.1,.1,=SUM(C262:F262),73.0,60.0,=H262-G262,=I262-G262,0,0,
16.5373,SCAN  ,26.4,10.0,.1,.1,=SUM(C263:F263),73.0,60.0,=H263-G263,=I263-G263,0,0,
29.0495,SCAN  ,26.3,10.0,.1,.2,=SUM(C264:F264),73.0,60.0,=H264-G264,=I264-G264,0,0,
16.6569,SCAN  ,26.3,10.0,.1,.1,=SUM(C265:F265),73.0,60.0,=H265-G265,=I265-G265,0,0,
10.6284,SCAN  ,26.3,10.0,.1,.1,=SUM(C266:F266),73.0,60.0,=H266-G266,=I266-G266,0,0,
23.3168,SCAN  ,26.1,10.0,.1,.2,=SUM(C267:F267),73.0,60.0,=H267-G267,=I267-G267,0,0,
16.6004,SCAN  ,26.2,10.0,.1,.1,=SUM(C268:F268),73.0,60.0,=H268-G268,=I268-G268,0,0,
19.2192,SCAN  ,26.1,10.0,.1,.1,=SUM(C269:F269),73.0,60.0,=H269-G269,=I269-G269,0,0,
17.2285,SCAN  ,26.1,10.0,.1,.1,=SUM(C270:F270),73.0,60.0,=H270-G270,=I270-G270,0,0,
26.7299,SCAN  ,26.0,10.0,.1,.2,=SUM(C271:F271),73.0,60.0,=H271-G271,=I271-G271,0,0,
18.8835,SCAN  ,26.0,10.0,.1,.1,=SUM(C272:F272),73.0,60.0,=H272-G272,=I272-G272,0,0,
16.6901,SCAN  ,25.9,10.0,.1,.1,=SUM(C273:F273),73.0,60.0,=H273-G273,=I273-G273,0,0,
19.0364,SCAN  ,25.7,10.0,.1,.1,=SUM(C274:F274),73.0,60.0,=H274-G274,=I274-G274,0,0,
25.3706,SCAN  ,25.7,10.0,.1,.2,=SUM(C275:F275),73.0,60.0,=H275-G275,=I275-G275,0,0,
17.7602,SCAN  ,25.6,10.0,.1,.1,=SUM(C276:F276),73.0,60.0,=H276-G276,=I276-G276,0,0,
3.7325,SCAN   ,25.6,10.0,.1,.0,=SUM(C277:F277),73.0,60.0,=H277-G277,=I277-G277,0,0,
27.0057,SCAN  ,25.4,10.0,.1,.2,=SUM(C278:F278),73.0,60.0,=H278-G278,=I278-G278,0,0,
16.7466,SCAN  ,25.5,10.0,.1,.1,=SUM(C279:F279),73.0,60.0,=H279-G279,=I279-G279,0,0,
16.6370,SCAN  ,25.4,10.0,.1,.1,=SUM(C280:F280),73.0,60.0,=H280-G280,=I280-G280,0,0,
15.8659,SCAN  ,25.2,10.0,.1,.1,=SUM(C281:F281),73.0,60.0,=H281-G281,=I281-G281,0,0,
27.7734,SCAN  ,25.1,10.0,.1,.2,=SUM(C282:F282),73.0,60.0,=H282-G282,=I282-G282,0,0,
17.4478,SCAN  ,25.2,10.0,.1,.1,=SUM(C283:F283),73.0,60.0,=H283-G283,=I283-G283,0,0,
3.4102,SCAN   ,25.2,10.0,.1,.0,=SUM(C284:F284),73.0,60.0,=H284-G284,=I284-G284,0,0,
17.2551,SCAN  ,25.1,10.0,.1,.1,=SUM(C285:F285),73.0,60.0,=H285-G285,=I285-G285,0,0,
29.5946,SCAN  ,25.0,10.0,.1,.2,=SUM(C286:F286),73.0,60.0,=H286-G286,=I286-G286,0,0,
17.6273,SCAN  ,24.9,10.0,.1,.1,=SUM(C287:F287),73.0,60.0,=H287-G287,=I287-G287,0,0,
3.0446,SCAN   ,24.9,10.0,.1,.0,=SUM(C288:F288),73.0,60.0,=H288-G288,=I288-G288,0,0,
26.9758,SCAN  ,24.7,10.0,.1,.2,=SUM(C289:F289),73.0,60.0,=H289-G289,=I289-G289,0,0,
3.5896,SCAN   ,24.6,10.0,.1,.0,=SUM(C290:F290),73.0,60.0,=H290-G290,=I290-G290,0,0,
4.2244,SCAN   ,23.9,10.0,.1,.0,=SUM(C291:F291),73.0,60.0,=H291-G291,=I291-G291,0,0,
17.8134,SCAN  ,23.7,10.0,.1,.1,=SUM(C292:F292),73.0,60.0,=H292-G292,=I292-G292,0,0,
5.2779,SCAN   ,22.9,10.0,.1,.0,=SUM(C293:F293),73.0,60.0,=H293-G293,=I293-G293,0,0,
5.7830,SCAN   ,22.8,10.0,.1,.0,=SUM(C294:F294),73.0,60.0,=H294-G294,=I294-G294,0,0,
9.5949,SCAN   ,22.7,10.0,.1,.1,=SUM(C295:F295),73.0,60.0,=H295-G295,=I295-G295,0,0,
8.8903,SCAN   ,22.6,10.0,.1,.1,=SUM(C296:F296),73.0,60.0,=H296-G296,=I296-G296,0,0,
5.4474,SCAN   ,22.3,10.0,.1,.0,=SUM(C297:F297),73.0,60.0,=H297-G297,=I297-G297,0,0,
7.3151,SCAN   ,22.2,10.0,.1,.1,=SUM(C298:F298),73.0,60.0,=H298-G298,=I298-G298,0,0,
5.1782,SCAN   ,22.1,10.0,.1,.0,=SUM(C299:F299),73.0,60.0,=H299-G299,=I299-G299,0,0,
4.4637,SCAN   ,22.1,10.0,.1,.0,=SUM(C300:F300),73.0,60.0,=H300-G300,=I300-G300,0,0,
6.7833,SCAN   ,22.0,10.0,.1,.0,=SUM(C301:F301),73.0,60.0,=H301-G301,=I301-G301,0,0,
8.6377,SCAN   ,21.9,10.0,.1,.1,=SUM(C302:F302),73.0,60.0,=H302-G302,=I302-G302,0,0,
4.8591,SCAN   ,21.9,10.0,.1,.0,=SUM(C303:F303),73.0,60.0,=H303-G303,=I303-G303,0,0,
5.9392,SCAN   ,21.9,10.0,.1,.0,=SUM(C304:F304),73.0,60.0,=H304-G304,=I304-G304,0,0,
6.6770,SCAN   ,21.2,10.0,.1,.1,=SUM(C305:F305),73.0,60.0,=H305-G305,=I305-G305,0,0,
7.8834,SCAN   ,20.8,10.0,.1,.1,=SUM(C306:F306),73.0,60.0,=H306-G306,=I306-G306,0,0,
8.7507,SCAN   ,20.7,10.0,.1,.1,=SUM(C307:F307),73.0,60.0,=H307-G307,=I307-G307,0,0,
